{"cameraMode":{"drawMode":0,"name":"Shaded","section":"Shading Mode"},"sceneLighting":true,"audioPlay":false,"sceneViewState":{"showFog":true,"showMaterialUpdate":false,"showSkybox":false,"showFlares":true,"showImageEffects":true,"showParticleSystems":true},"in2DMode":false,"pivot":{"x":0.6200001239776611,"y":2.3435001373291017,"z":-1.4797024726867676},"rotation":{"x":-0.21667344868183137,"y":-0.21126684546470643,"z":0.048089105635881427,"w":-0.9518961906433106},"size":15.005166053771973,"orthographic":false}