{"cameraMode":{"drawMode":0,"name":"Shaded","section":"Shading Mode"},"sceneLighting":true,"audioPlay":false,"sceneViewState":{"showFog":true,"showMaterialUpdate":false,"showSkybox":true,"showFlares":true,"showImageEffects":true,"showParticleSystems":true},"in2DMode":false,"pivot":{"x":120.31999969482422,"y":29.03999900817871,"z":124.02999877929688},"rotation":{"x":0.18911460041999818,"y":0.18580064177513123,"z":-0.03646764159202576,"w":0.9635275602340698},"size":32.67168045043945,"orthographic":false}