{"cameraMode":{"drawMode":0,"name":"Shaded","section":"Shading Mode"},"sceneLighting":true,"audioPlay":false,"sceneViewState":{"showFog":true,"showMaterialUpdate":false,"showSkybox":false,"showFlares":true,"showImageEffects":true,"showParticleSystems":true},"in2DMode":false,"pivot":{"x":3.5239906311035158,"y":0.6321045756340027,"z":-1.8744981288909913},"rotation":{"x":0.06625634431838989,"y":0.8881894946098328,"z":-0.13559971749782563,"w":0.433984637260437},"size":1.6253020763397217,"orthographic":true}