{"cameraMode":{"drawMode":0,"name":"Shaded","section":"Shading Mode"},"sceneLighting":true,"audioPlay":false,"sceneViewState":{"showFog":true,"showMaterialUpdate":false,"showSkybox":true,"showFlares":true,"showImageEffects":true,"showParticleSystems":true},"in2DMode":false,"pivot":{"x":120.83894348144531,"y":10.529897689819336,"z":151.67184448242188},"rotation":{"x":-0.23899365961551667,"y":0.7282134294509888,"z":-0.30908501148223879,"w":-0.5630781650543213},"size":14.233551025390625,"orthographic":false}