{"cameraMode":{"drawMode":0,"name":"Shaded","section":"Shading Mode"},"sceneLighting":true,"audioPlay":false,"sceneViewState":{"showFog":true,"showMaterialUpdate":false,"showSkybox":false,"showFlares":true,"showImageEffects":true,"showParticleSystems":true},"in2DMode":false,"pivot":{"x":1.6272015571594239,"y":0.5955860614776611,"z":1.5575300455093384},"rotation":{"x":0.4120016396045685,"y":0.3811085820198059,"z":-0.19522196054458619,"w":0.8043007254600525},"size":0.5812426805496216,"orthographic":false}